{"cameraMode":{"drawMode":0,"name":"Shaded","section":"Shading Mode"},"sceneLighting":true,"audioPlay":false,"sceneViewState":{"showFog":true,"showMaterialUpdate":true,"showSkybox":true,"showFlares":true,"showImageEffects":true,"showParticleSystems":true},"in2DMode":false,"pivot":{"x":-14.11244010925293,"y":5.270048141479492,"z":-0.7652034759521484},"rotation":{"x":0.025809461250901223,"y":0.9250820279121399,"z":0.06393257528543472,"w":-0.3734682500362396},"size":27.2569637298584,"orthographic":false}