{"cameraMode":{"drawMode":0,"name":"Shaded","section":"Shading Mode"},"sceneLighting":true,"audioPlay":false,"sceneViewState":{"showFog":true,"showMaterialUpdate":false,"showSkybox":true,"showFlares":true,"showImageEffects":true,"showParticleSystems":true},"in2DMode":false,"pivot":{"x":-2.697793960571289,"y":-0.9521021246910095,"z":0.6514630317687988},"rotation":{"x":-0.08567788451910019,"y":-0.6861547827720642,"z":0.0819074884057045,"w":-0.717739999294281},"size":18.984066009521486,"orthographic":false}